lon,lat,ibge,v
-3.699795,-38.587956,-1,1
-3.694611,-38.630608,-1,12
-3.96509,-38.560298,-1,102
-3.919846,-38.521633,-1,478140
-7.828663,-39.076528,-1,109
-7.826457,-39.087613,-1,453171
-4.969668,-39.011163,-1,510970
-4.950459,-39.0008,-1,385653
-3.720951,-38.659275,-1,124
-3.735437,-38.657756,-1,60334
-4.051674,-39.448728,-1,144
-4.048393,-39.441614,-1,559482
-3.326157,-40.634951,-1,146
-3.316469,-40.559973,-1,545
-3.314333,-40.555365,-1,584
-3.352395,-40.464041,-1,1073
-3.517651,-40.35012,-1,2109
-3.526316,-40.342167,-1,49307
-3.526624,-40.342169,-1,2116
-3.679701,-40.349084,-1,2945
-3.793961,-40.275288,-1,2946
-3.858297,-40.231975,-1,3442
-3.85865,-40.231741,-1,3446
-3.937655,-40.161483,-1,4094
-3.993788,-40.082123,-1,4651
-3.988488,-40.077045,-1,4652
-4.246371,-39.804741,-1,317530
-4.07341,-40.304649,-1,477208
-2.899945,-40.839851,-1,8283
-2.897479,-40.840872,-1,8286
-2.895509,-40.841835,-1,8294
-2.872365,-40.855039,-1,8504
-2.863146,-40.861371,-1,8593
-2.902548,-39.998981,-1,8595
-2.859142,-39.967451,-1,9106
-2.93062,-39.890221,-1,9108
-2.907893,-39.886335,-1,9232
-3.233685,-40.012956,-1,9234
-3.314241,-40.009227,-1,9676
-2.918999,-39.925322,-1,9678
-2.92205,-39.914047,-1,9782
-2.922461,-39.912925,-1,9793
-4.714443,-37.839485,-1,9850
-4.678797,-37.837529,-1,454019
-4.84107,-37.786305,-1,9852
-4.82155,-37.872643,-1,10434
-4.898269,-37.875416,-1,10436
-4.929458,-37.918549,-1,10773
-5.042233,-38.091182,-1,10949
-5.123375,-38.150199,-1,11505
-5.137728,-38.095134,-1,12055
-5.142353,-38.09785,-1,12100
-5.159993,-38.108755,-1,12283
-5.081099,-38.003025,-1,12284
-4.583079,-38.617201,-1,13203
-4.51639,-38.567382,-1,73686
-4.50588,-38.35807,-1,13257
-4.335536,-38.479215,-1,381053
-4.593232,-38.210207,-1,13326
-4.359722,-39.301874,-1,13327
-4.343733,-39.294965,-1,13429
-5.306141,-38.920372,-1,13534
-5.07144,-39.063943,-1,388613
-5.232671,-38.194531,-1,13796
-5.150134,-38.155715,-1,265673
-5.812676,-38.306003,-1,13826
-5.581114,-38.288095,-1,267523
-6.031136,-38.349404,-1,15444
-6.043559,-38.460678,-1,16590
-5.988555,-38.627622,-1,18194
-5.734733,-39.00332,-1,18874
-5.732827,-39.007993,-1,18909
-5.733084,-39.010109,-1,18926
-5.732403,-39.129164,-1,20017
-5.683468,-39.197372,-1,20716
-5.577575,-39.366681,-1,20824
-5.682702,-39.198768,-1,168851
-6.740297,-38.793462,-1,20825
-6.759149,-38.873333,-1,21316
-6.782284,-39.220615,-1,21317
-6.792358,-39.285948,-1,21769
-6.60397,-39.058706,-1,22127
-6.608813,-39.06042,-1,22166
-6.758059,-39.120428,-1,23366
-6.654743,-39.728729,-1,23367
-6.681313,-39.758027,-1,23727
-6.288457,-40.600374,-1,25370
-6.285733,-40.598222,-1,25392
-6.006961,-40.286128,-1,25393
-6.005776,-40.284877,-1,25409
-6.004529,-40.283649,-1,25422
-6.878327,-39.881011,-1,25630
-6.86407,-39.882448,-1,69744
-6.892182,-39.869705,-1,25764
-7.093143,-39.679085,-1,25766
-7.057489,-39.878856,-1,27396
-7.023345,-38.765357,-1,28669
-7.080024,-38.784539,-1,28986
-7.384261,-38.783851,-1,28987
-7.387834,-38.76995,-1,29132
-7.687401,-39.007219,-1,29303
-7.534122,-39.005375,-1,214457
-7.690571,-39.009057,-1,29335
-7.532589,-39.104284,-1,29336
-7.534316,-39.116513,-1,29445
-7.309877,-39.306988,-1,29447
-7.310743,-39.304598,-1,29474
-7.369792,-39.335824,-1,30115
-5.185192,-40.65012,-1,30116
-5.181248,-40.66968,-1,30294
-5.177979,-40.675057,-1,30364
-5.172004,-40.724571,-1,30647
-4.333629,-40.158125,-1,30673
-4.649698,-40.200108,-1,32033
-4.163771,-40.750061,-1,32082
-4.170871,-40.752819,-1,32148
-4.16694,-40.942354,-1,32149
-4.30626,-41.118194,-1,33310
-4.155866,-40.93948,-1,33312
-4.165402,-40.942067,-1,33388
-3.564138,-41.092683,-1,33469
-3.565033,-41.092299,-1,33477
-3.569741,-41.09467,-1,33503
-3.63581,-41.113918,-1,33860
-3.707278,-41.086219,-1,34235
-4.030306,-40.868438,-1,34236
-4.046485,-40.865069,-1,34356
-4.051563,-40.863847,-1,34406
-4.142006,-40.586521,-1,34407
-4.138374,-40.580001,-1,34470
-3.945865,-40.482318,-1,34471
-4.040638,-40.473833,-1,34922
-3.033329,-40.678946,-1,34923
-3.055908,-40.692628,-1,35071
-3.697034,-40.306772,-1,35072
-3.725324,-40.323081,-1,35268
-3.746661,-40.041706,-1,35269
-3.747179,-40.045835,-1,35304
-3.305444,-39.497107,-1,35305
-3.304083,-39.512695,-1,35407
-3.7436,-39.540196,-1,35412
-3.693226,-39.369938,-1,36015
-3.695701,-39.579541,-1,35871
-3.680737,-39.356022,-1,35872
-3.795827,-39.266271,-1,36016
-3.797171,-39.262588,-1,36048
-3.673949,-39.240386,-1,36049
-3.673982,-39.240707,-1,36052
-3.674007,-39.240956,-1,36054
-3.674958,-39.278992,-1,36295
-3.779936,-39.243485,-1,36296
-4.095706,-39.240395,-1,36496
-4.096961,-39.24038,-1,36506
-4.103117,-39.228573,-1,36631
-3.68566,-38.911816,-1,36632
-3.683667,-38.918298,-1,36689
-4.13075,-38.234873,-1,36691
-4.13275,-38.247238,-1,36733
-3.94236,-38.330865,-1,36734
-3.949335,-38.338931,-1,36791
-3.955253,-38.348744,-1,36849
-3.838756,-38.480271,-1,36852
-3.812692,-38.479607,-1,47909
-3.871515,-38.498415,-1,37758
-3.863167,-38.470218,-1,37918
-3.76798,-38.665191,-1,38054
-3.809941,-38.730627,-1,40250
-3.974444,-38.514284,-1,38055
-3.94569,-38.510338,-1,38240
-3.974495,-38.514445,-1,38447
-3.989826,-38.516205,-1,38546
-4.060185,-38.503911,-1,38646
-4.173318,-38.466259,-1,38648
-4.147712,-38.477088,-1,48220
-4.19753,-38.469328,-1,38888
-4.196589,-38.470227,-1,38889
-4.177563,-38.492029,-1,39067
-4.17788,-38.492245,-1,39070
-4.147833,-38.478039,-1,48209
-4.197168,-38.470495,-1,39249
-4.212284,-38.699356,-1,39267
-4.208346,-38.697948,-1,296033
-4.224434,-38.710306,-1,39407
-3.876403,-38.595127,-1,39874
-3.982094,-38.611951,-1,48688
-3.850179,-38.645369,-1,39875
-3.82776,-38.624199,-1,40068
-4.032874,-38.992963,-1,40069
-4.008297,-38.971759,-1,40249
-3.827339,-38.624562,-1,41048
-3.827743,-38.624141,-1,41049
-3.843695,-38.585598,-1,41318
-3.811949,-38.574766,-1,41321
-3.843314,-38.584887,-1,48594
-3.897606,-38.672556,-1,41325
-3.909698,-38.682678,-1,41469
-3.897812,-38.672139,-1,41470
-3.909972,-38.682599,-1,41576
-3.736497,-38.569215,-1,41580
-3.738669,-38.5853,-1,47815
-3.778821,-38.514606,-1,37549
-3.738844,-38.5853,-1,41705
-7.30918,-39.307208,-1,41823
-7.226272,-39.326308,-1,42562
-7.225674,-39.327852,-1,42563
-7.228559,-39.38678,-1,43049
-7.227007,-39.388444,-1,43050
-7.236819,-39.407288,-1,43224
-7.335282,-39.394031,-1,44110
-3.714637,-40.987853,-1,44939
-3.733179,-41.002182,-1,45098
-3.7543,-40.583416,-1,45250
-3.755977,-40.555565,-1,190966
-3.759041,-40.804433,-1,46257
-3.659854,-40.918669,-1,46959
-3.714299,-40.987393,-1,47754
-3.743793,-38.620445,-1,47755
-3.743217,-38.620144,-1,47766
-3.743377,-38.619383,-1,47767
-3.744129,-38.619414,-1,47780
-3.744322,-38.61978,-1,47787
-3.738859,-38.585429,-1,47832
-3.738694,-38.585473,-1,47842
-3.830909,-38.504765,-1,47852
-3.831146,-38.504701,-1,37392
-3.831197,-38.504952,-1,37393
-3.830982,-38.505003,-1,47880
-3.812453,-38.479427,-1,47890
-3.812591,-38.479253,-1,47898
-3.812647,-38.479615,-1,47903
-3.812821,-38.479425,-1,47911
-3.808205,-38.479025,-1,47929
-3.808163,-38.478822,-1,47938
-3.808459,-38.47896,-1,47939
-3.808431,-38.47879,-1,47950
-3.808375,-38.478749,-1,47957
-3.808266,-38.47874,-1,47960
-3.81153,-38.424238,-1,47968
-3.811402,-38.424187,-1,47973
-3.811513,-38.423864,-1,47974
-3.811716,-38.424031,-1,47983
-3.759343,-38.483307,-1,48006
-3.759281,-38.483214,-1,48009
-3.759537,-38.483373,-1,48010
-3.7597,-38.48296,-1,48015
-3.759715,-38.483272,-1,48023
-3.759317,-38.482971,-1,48024
-3.778881,-38.514851,-1,37249
-3.779428,-38.515034,-1,48046
-3.779535,-38.51497,-1,48058
-3.779695,-38.514685,-1,48061
-3.77963,-38.514393,-1,48067
-4.085185,-38.499018,-1,48093
-4.085052,-38.499234,-1,48098
-4.084974,-38.498387,-1,48099
-4.084175,-38.49857,-1,48111
-4.084105,-38.498799,-1,48126
-4.113734,-38.49046,-1,48151
-4.112932,-38.490854,-1,48167
-4.113393,-38.489789,-1,48168
-4.112619,-38.490144,-1,48181
-4.112591,-38.490355,-1,48196
-4.147324,-38.47786,-1,48219
-4.14817,-38.477416,-1,48231
-4.147606,-38.4771,-1,48245
-4.200394,-38.469804,-1,48299
-5.165473,-40.657335,-1,48365
-5.164938,-40.657781,-1,48378
-5.164648,-40.656866,-1,48379
-7.226217,-39.327868,-1,48419
-7.226734,-39.326763,-1,48427
-7.225142,-39.327021,-1,48453
-7.228613,-39.386911,-1,48490
-7.226935,-39.388176,-1,48532
-3.843224,-38.5853,-1,48573
-3.843939,-38.585475,-1,48574
-3.844058,-38.585111,-1,48580
-3.84391,-38.584845,-1,48588
-3.876111,-38.595565,-1,48614
-3.875908,-38.595343,-1,48622
-3.87634,-38.595526,-1,48623
-3.876055,-38.59505,-1,48629
-3.982262,-38.611904,-1,48656
-3.982547,-38.612022,-1,48663
-3.982453,-38.612598,-1,48677
-3.981999,-38.612519,-1,48687
-3.862899,-38.469428,-1,48705
-3.863216,-38.469465,-1,48711
-3.863316,-38.470118,-1,48725
-3.862947,-38.470242,-1,48733
-3.862648,-38.469627,-1,48748
-3.91408,-38.389077,-1,48749
-3.913634,-38.388782,-1,48759
-3.914192,-38.38817,-1,48760
-3.914527,-38.388643,-1,48771
-3.913634,-38.388448,-1,48783
-3.960115,-38.365949,-1,48797
-3.960378,-38.365918,-1,48802
-3.960732,-38.366273,-1,48812
-3.960295,-38.366799,-1,48826
-3.959882,-38.366518,-1,48836
-4.023606,-38.315533,-1,48849
-4.023858,-38.3152,-1,48858
-4.024061,-38.315204,-1,48863
-4.024297,-38.315506,-1,48872
-4.023844,-38.315862,-1,48873
-4.104727,-38.283234,-1,48895
-4.105157,-38.28328,-1,48906
-4.10515,-38.283709,-1,48914
-4.102662,-38.284022,-1,48915
-4.102662,-38.284429,-1,48939
-4.103055,-38.28456,-1,48947
-4.138626,-38.265619,-1,48983
-4.138728,-38.265596,-1,48986
-4.138468,-38.265821,-1,48987
-4.138827,-38.266121,-1,48994
-4.138708,-38.266136,-1,48997
-4.139002,-38.265909,-1,48998
-4.162563,-38.23223,-1,49026
-4.16291,-38.232175,-1,49035
-4.163058,-38.232551,-1,49045
-4.162681,-38.232732,-1,49055
-4.162475,-38.232418,-1,49056
-4.209478,-38.227355,-1,49085
-4.210568,-38.226969,-1,49086
-4.209187,-38.22651,-1,49091
-4.209849,-38.226018,-1,49104
-4.185343,-38.151713,-1,49137
-4.185521,-38.151422,-1,49145
-4.185923,-38.151506,-1,49155
-4.18583,-38.151997,-1,49167
-4.185458,-38.151961,-1,49168
-4.186945,-38.135703,-1,49192
-4.186801,-38.135987,-1,49200
-4.186444,-38.135836,-1,49211
-4.186443,-38.13567,-1,49212
-4.325397,-40.152857,-1,49222
-4.325227,-40.152749,-1,49236
-4.325437,-40.152724,-1,49237
-4.325325,-40.152657,-1,49245
-4.333328,-40.158363,-1,49260
-4.333288,-40.158078,-1,49270
-4.333486,-40.158006,-1,69719
-4.333421,-40.158003,-1,49294
-3.52644,-40.342048,-1,49297
-3.526259,-40.341989,-1,49320
-3.526415,-40.342133,-1,2115
-3.827137,-38.624179,-1,49340
-3.827494,-38.624577,-1,49341
-3.82747,-38.623941,-1,49356
-3.850553,-38.645371,-1,49373
-3.85138,-38.646429,-1,49393
-3.850576,-38.646612,-1,49418
-3.8501,-38.646168,-1,49426
-3.909892,-38.683212,-1,49448
-3.871395,-38.498856,-1,49489
-3.871252,-38.498736,-1,49494
-3.871593,-38.498821,-1,49495
-3.871671,-38.498553,-1,49501
-3.871296,-38.498475,-1,49516
-3.724406,-38.643175,-1,49527
-3.724102,-38.643219,-1,49534
-3.724532,-38.642648,-1,49535
-3.724029,-38.642507,-1,49547
-3.723912,-38.643098,-1,49558
-6.37673,-39.306132,-1,49577
-6.376953,-39.306256,-1,49592
-6.376724,-39.306317,-1,49605
-6.376696,-39.306186,-1,49612
-4.224858,-38.915795,-1,49615
-4.225517,-38.922372,-1,49654
-4.226036,-38.928073,-1,49687
-4.223843,-38.730372,-1,49703
-4.224403,-38.728061,-1,69367
-4.214472,-38.954741,-1,52262
-4.261892,-38.932637,-1,52684
-4.26075,-38.929227,-1,52707
-4.286703,-38.934023,-1,53223
-4.331452,-38.878783,-1,53862
-4.305282,-38.995798,-1,54391
-4.30634,-38.996983,-1,54405
-4.306282,-38.997533,-1,54407
-4.416304,-39.04628,-1,55303
-3.586842,-40.54547,-1,55314
-3.59993,-40.447521,-1,56763
-3.568181,-40.636589,-1,55995
-3.519678,-40.360689,-1,55996
-3.54127,-40.454408,-1,56762
-3.683465,-40.35259,-1,57595
-3.687442,-40.354688,-1,57619
-3.90757,-40.744357,-1,57682
-3.908918,-40.746602,-1,57697
-3.920982,-40.889062,-1,58575
-3.81204,-38.500574,-1,58813
-3.811407,-38.500517,-1,58814
-3.811641,-38.500331,-1,58821
-3.811382,-38.500737,-1,58822
-3.812008,-38.500829,-1,58828
-3.81195,-38.50042,-1,58850
-3.485844,-39.613486,-1,59004
-3.500398,-39.58023,-1,59602
-6.792811,-39.306783,-1,59773
-3.694243,-40.378922,-1,59853
-3.694435,-40.379318,-1,59855
-3.695395,-40.381106,-1,59870
-3.716868,-40.334459,-1,59871
-3.716927,-40.334524,-1,59874
-3.716483,-40.33461,-1,59875
-3.716591,-40.334855,-1,59887
-3.716495,-40.334737,-1,59891
-3.679687,-40.348863,-1,59913
-3.680073,-40.34879,-1,59914
-3.680132,-40.348887,-1,59917
-3.733401,-41.002461,-1,60265
-3.733347,-41.002058,-1,60284
-3.73355,-41.00235,-1,60297
-3.73729,-38.646131,-1,60303
-3.735389,-38.656397,-1,60331
-3.7359,-38.744475,-1,60420
-3.737019,-38.645548,-1,60421
-3.737318,-38.645431,-1,60428
-3.736949,-38.645891,-1,60429
-3.737628,-38.645834,-1,60446
-4.574941,-37.791345,-1,61482
-4.574933,-37.765251,-1,61718
-4.573442,-37.737849,-1,61940
-5.741011,-38.980101,-1,61941
-2.884572,-40.119596,-1,62134
-2.907451,-40.118642,-1,62312
-3.805486,-38.449458,-1,62318
-3.805732,-38.449392,-1,62319
-3.85041,-38.646473,-1,63479
-5.191542,-39.301433,-1,20717
-5.522904,-39.495392,-1,66902
-5.044968,-37.778739,-1,68676
-3.926631,-38.608547,-1,68677
-3.756632,-38.491199,-1,68753
-3.756772,-38.491302,-1,68820
-3.756374,-38.491331,-1,68768
-3.756383,-38.49152,-1,68788
-3.756772,-38.491528,-1,68802
-3.7568,-38.49138,-1,68815
-3.756369,-38.491487,-1,68835
-3.766934,-38.483941,-1,68866
-3.766124,-38.478122,-1,68887
-3.76221,-38.483046,-1,68935
-3.762965,-38.482692,-1,68946
-3.762712,-38.478857,-1,68961
-3.767455,-38.482272,-1,243006
-4.224608,-38.727862,-1,69200
-4.26427,-38.723353,-1,345561
-3.664357,-38.682914,-1,69201
-3.624727,-38.748107,-1,69258
-3.606036,-38.780618,-1,69303
-3.648413,-38.76139,-1,69364
-4.22436,-38.727847,-1,69377
-4.22444,-38.727792,-1,69393
-6.875509,-39.873341,-1,474291
-6.871748,-39.877338,-1,69776
-3.551162,-40.653111,-1,70575
-3.925855,-38.50794,-1,70868
-3.891165,-38.435806,-1,71005
-4.038995,-39.451949,-1,71155
-4.039448,-39.451661,-1,71169
-4.03963,-39.451935,-1,71177
-4.039363,-39.452262,-1,71187
-7.309913,-39.307123,-1,71199
-3.570639,-39.970271,-1,71724
-3.566539,-39.970473,-1,71742
-5.159902,-38.108947,-1,71743
-5.160344,-38.108798,-1,71758
-5.160393,-38.108976,-1,71763
-5.084746,-37.996561,-1,71781
-7.309231,-39.306955,-1,71840
-7.30924,-39.307357,-1,71876
-5.221629,-37.885449,-1,72331
-6.76928,-39.089684,-1,67816
-7.0411,-39.28217,-1,251745
-3.776231,-38.549655,-1,77623
-3.808297,-38.490255,-1,77740
-3.905645,-38.345462,-1,77885
-3.898377,-38.369511,-1,78026
-3.902557,-38.386086,-1,78133
-3.906256,-38.387626,-1,78165
-3.943164,-38.295544,-1,78218
-3.861378,-38.389636,-1,78547
-3.854618,-38.383802,-1,78606
-3.812248,-38.410283,-1,78698
-4.182717,-38.131808,-1,78700
-4.178879,-38.129326,-1,78754
-4.153032,-38.112199,-1,79021
-4.254309,-38.049909,-1,79023
-4.223446,-38.042869,-1,79308
-3.898065,-38.402614,-1,36851
-3.90195,-38.393113,-1,79365
-3.683309,-38.657322,-1,41577
-4.182314,-38.138875,-1,79665
-6.524632,-40.788611,-1,79668
-6.098825,-40.414417,-1,82395
-6.007428,-40.286611,-1,83129
-5.439623,-40.003628,-1,86283
-6.087687,-39.455185,-1,86484
-6.095301,-39.451433,-1,86581
-6.309576,-39.333879,-1,88804
-6.326696,-39.321732,-1,88960
-6.348679,-39.306562,-1,89182
-6.373529,-39.306389,-1,25540
-6.373523,-39.306247,-1,25539
-6.363356,-39.306476,-1,89483
-4.054822,-38.184339,-1,86482
-4.042929,-38.204081,-1,89653
-4.129567,-38.236904,-1,90617
-6.540993,-39.906092,-1,93107
-6.580746,-39.861631,-1,93689
-6.567833,-39.814554,-1,94079
-5.772012,-40.679856,-1,99998
-5.209717,-40.695486,-1,96775
-5.533538,-40.773238,-1,98397
-4.904275,-40.76462,-1,102345
-4.753218,-40.832487,-1,310243
-5.525964,-39.595908,-1,103775
-5.455584,-39.715432,-1,104905
-5.45535,-39.717981,-1,92659
-5.396128,-40.312288,-1,108212
-5.052404,-40.923791,-1,111803
-6.289854,-40.583645,-1,111806
-6.373365,-39.303877,-1,112688
-6.52315,-39.527479,-1,112792
-6.469371,-39.441771,-1,124225
-6.523278,-39.527447,-1,112793
-5.741737,-39.624889,-1,115510
-5.745011,-39.629495,-1,115561
-5.913627,-39.266788,-1,121152
-6.770881,-39.983422,-1,122812
-6.53449,-39.500669,-1,124996
-4.026035,-38.306495,-1,127486
-5.241612,-40.940671,-1,129699
-5.798091,-39.14992,-1,130263
-6.311848,-39.436419,-1,131518
-5.212441,-40.703765,-1,131983
-4.22991,-39.198523,-1,132898
-4.16216,-39.149426,-1,133395
-4.096154,-39.056601,-1,134101
-2.973468,-39.889753,-1,137078
-3.179749,-39.746265,-1,408174
-2.972403,-39.890732,-1,137079
-2.955499,-39.906647,-1,137202
-2.911365,-40.174299,-1,138906
-2.892749,-40.218541,-1,139168
-2.894293,-40.272898,-1,139418
-2.919787,-40.386688,-1,140001
-2.906935,-40.441435,-1,140268
-2.9903,-40.574067,-1,140901
-3.132258,-40.816278,-1,142044
-3.132848,-40.816973,-1,142045
-3.132213,-40.81736,-1,142049
-3.12952,-40.834441,-1,142173
-3.129441,-40.83459,-1,142174
-3.120535,-40.835098,-1,142230
-2.929835,-40.856271,-1,143094
-2.928924,-40.855734,-1,143101
-2.928241,-40.855462,-1,143107
-2.9281,-40.855831,-1,143113
-2.928845,-40.856573,-1,143121
-3.019469,-41.137236,-1,144469
-3.019455,-41.138004,-1,144475
-3.039529,-41.240858,-1,144994
-3.078507,-41.25456,-1,145262
-4.060332,-38.504167,-1,38645
-4.096929,-38.495418,-1,148728
-3.878459,-40.020718,-1,150175
-3.878633,-40.02058,-1,150177
-2.952536,-39.799544,-1,151025
-2.973023,-39.890493,-1,152101
-3.270966,-39.914204,-1,171875
-3.124442,-40.084212,-1,154379
-3.223707,-40.088191,-1,154817
-3.226713,-40.122594,-1,154818
-3.46138,-40.208899,-1,156185
-3.614565,-40.263266,-1,156975
-2.824072,-40.224038,-1,157433
-2.921994,-40.175412,-1,157888
-3.053733,-40.170044,-1,158606
-3.122295,-40.150585,-1,159052
-3.125376,-40.151248,-1,159077
-3.235089,-40.158335,-1,159846
-3.508394,-40.278465,-1,162092
-3.580057,-40.294422,-1,162584
-3.68221,-40.349076,-1,163274
-3.798378,-40.262611,-1,165424
-3.71264,-40.342254,-1,166276
-3.712183,-40.342795,-1,166282
-3.711879,-40.343265,-1,166287
-3.711755,-40.343938,-1,166294
-3.695631,-40.380877,-1,166575
-3.875123,-38.626153,-1,166813
-4.353538,-39.323499,-1,167322
-3.364602,-39.841002,-1,172390
-3.132998,-40.816675,-1,172393
-3.133162,-40.816213,-1,172397
-3.22408,-40.696312,-1,173085
-3.225196,-40.694606,-1,173104
-3.913534,-40.382637,-1,33467
-3.949259,-40.47469,-1,174483
-7.224096,-39.423971,-1,176561
-7.217324,-39.422488,-1,176621
-7.218548,-39.431584,-1,176700
-7.093192,-39.678974,-1,25765
-7.396017,-38.961657,-1,178786
-7.31655,-38.995688,-1,179325
-7.296389,-39.034747,-1,179676
-7.252707,-39.145954,-1,180608
-7.252612,-39.146326,-1,180611
-3.130382,-40.835263,-1,182153
-3.214822,-40.864647,-1,182486
-3.215864,-40.865546,-1,182487
-3.532275,-41.095807,-1,185078
-4.052969,-40.958958,-1,185876
-4.109209,-40.871596,-1,186785
-3.37848,-40.712867,-1,187243
-3.216608,-40.864962,-1,187799
-3.366602,-40.735619,-1,188906
-3.468272,-40.6741,-1,189555
-3.472341,-40.670753,-1,189591
-7.003789,-39.740048,-1,190968
-7.315383,-38.938274,-1,191959
-7.314431,-38.944198,-1,192013
-7.357581,-39.046761,-1,193021
-3.501936,-40.615382,-1,193764
-7.23545,-39.410031,-1,194169
-7.239406,-39.418094,-1,194953
-7.278157,-39.451254,-1,194740
-3.853184,-40.919213,-1,194822
-3.84295,-40.899538,-1,194951
-7.279762,-39.438411,-1,195309
-3.841161,-41.127997,-1,360062
-3.853723,-40.92365,-1,356381
-7.169253,-39.307265,-1,195683
-7.205421,-39.319942,-1,196037
-7.584826,-39.281326,-1,198596
-7.705171,-39.24428,-1,572525
-4.401932,-37.781299,-1,198809
-4.43223,-37.79134,-1,199071
-4.472826,-37.801157,-1,199446
-7.763537,-38.940557,-1,200458
-5.905531,-38.62432,-1,200460
-5.888738,-38.662547,-1,200819
-6.858031,-38.675729,-1,200832
-6.841838,-38.737613,-1,201199
-6.752291,-38.963235,-1,201833
-6.792187,-39.308122,-1,203003
-6.834307,-39.406268,-1,203889
-6.92795,-39.573663,-1,27409
-4.834028,-37.26475,-1,204354
-4.712112,-37.355624,-1,205686
-4.692494,-37.38312,-1,205984
-4.687526,-37.394223,-1,206081
-4.703485,-37.483054,-1,206808
-4.72247,-37.557296,-1,207398
-5.949997,-38.828914,-1,208901
-4.579769,-37.84989,-1,211610
-4.571887,-37.655809,-1,212055
-4.557532,-37.68154,-1,212318
-4.557998,-37.705284,-1,212513
-4.526699,-37.705726,-1,215464
-4.358183,-37.959334,-1,215466
-4.318517,-37.930438,-1,215891
-4.452603,-37.810946,-1,215893
-4.450963,-37.797414,-1,216002
-4.450918,-37.79533,-1,216022
-4.374728,-37.925338,-1,216024
-4.36901,-37.925,-1,216075
-4.394944,-37.861557,-1,216077
-4.37824,-37.856756,-1,216233
-7.17949,-39.329332,-1,216474
-4.424439,-37.776451,-1,216638
-4.566109,-37.792595,-1,216640
-4.570723,-37.801973,-1,216724
-4.680859,-37.378927,-1,216828
-4.554407,-37.671054,-1,216923
-5.190656,-39.277726,-1,216925
-5.191847,-39.293383,-1,217043
-6.373697,-39.26915,-1,217405
-6.567748,-39.31826,-1,219211
-5.760343,-38.995638,-1,220594
-6.192457,-40.152006,-1,221703
-6.326637,-40.163155,-1,222344
-6.57353,-40.121481,-1,223580
-6.783676,-39.990853,-1,225117
-6.776431,-39.987228,-1,225182
-6.14974,-40.394948,-1,225563
-7.090079,-40.027446,-1,229524
-7.09024,-40.028334,-1,229531
-7.207923,-40.138603,-1,230414
-7.075,-40.372393,-1,231748
-7.078338,-40.377964,-1,225565
-7.07844,-40.458293,-1,232097
-6.252681,-39.201525,-1,238389
-3.929475,-38.337078,-1,242066
-3.7468,-38.480064,-1,242157
-3.746925,-38.479871,-1,242359
-3.838809,-38.479857,-1,36853
-3.861158,-38.470293,-1,243556
-3.891034,-38.43546,-1,71004
-3.898453,-38.402868,-1,36850
-6.88675,-39.221473,-1,250717
-3.790834,-38.588636,-1,41323
-3.791256,-38.588814,-1,252640
-4.103195,-38.157687,-1,253879
-5.69486,-38.495826,-1,256220
-5.524245,-38.475095,-1,257864
-3.217309,-39.360085,-1,69404
-4.182084,-38.080497,-1,261882
-4.267762,-38.055502,-1,261884
-4.253189,-38.010083,-1,262397
-3.655351,-39.427021,-1,262399
-3.625916,-39.507533,-1,263060
-3.684338,-39.585003,-1,264174
-4.844501,-38.042335,-1,265102
-5.269836,-38.108415,-1,267065
-5.261001,-38.123113,-1,267066
-5.300179,-38.173976,-1,267522
-5.723956,-38.159753,-1,268986
-3.972206,-38.528679,-1,269710
-3.36636,-39.83208,-1,269826
-3.369233,-39.819403,-1,269916
-3.597699,-39.437124,-1,272221
-3.599151,-39.437125,-1,272233
-3.791358,-39.271298,-1,274430
-4.225966,-38.704659,-1,274552
-4.28693,-38.640427,-1,275327
-4.29934,-38.501779,-1,276176
-4.380153,-38.828595,-1,276548
-4.916138,-37.997975,-1,280526
-4.928586,-37.974983,-1,280701
-5.061498,-38.064368,-1,281257
-5.243251,-38.133516,-1,281882
-5.245727,-38.131049,-1,281910
-4.748198,-37.962689,-1,284205
-4.771431,-38.051014,-1,284746
-5.052488,-37.677768,-1,285326
-5.269258,-38.271713,-1,287661
-3.364277,-39.826921,-1,287720
-3.538495,-40.457903,-1,287760
-5.074472,-37.99154,-1,288112
-5.127103,-39.737482,-1,289969
-5.127046,-39.737446,-1,289970
-5.122177,-39.733488,-1,290009
-4.855114,-39.573515,-1,291350
-4.851293,-39.571316,-1,291376
-4.761853,-39.485,-1,291904
-4.581865,-39.358894,-1,292990
-3.998086,-38.619922,-1,294283
-4.040819,-38.636383,-1,294639
-4.041192,-38.6367,-1,294642
-4.371724,-38.810085,-1,296844
-4.464188,-38.895695,-1,297979
-4.158475,-40.145421,-1,300046
-4.72351,-40.310088,-1,301429
-4.833084,-40.321325,-1,301991
-4.100237,-40.469193,-1,302261
-4.195781,-40.473821,-1,302698
-4.329341,-40.712122,-1,303889
-4.399305,-40.713194,-1,304266
-4.542088,-40.71938,-1,304935
-4.542747,-40.717982,-1,304952
-4.706626,-40.560211,-1,306191
-4.768552,-40.538201,-1,306568
-4.930618,-40.526124,-1,307269
-4.552404,-40.727323,-1,308532
-3.840672,-40.645718,-1,312788
-3.847799,-40.656411,-1,312842
-4.467975,-38.900136,-1,313431
-4.418883,-39.046247,-1,314985
-4.329612,-40.179488,-1,319252
-4.407052,-40.403375,-1,320282
-4.407584,-40.404643,-1,320293
-4.570564,-40.817901,-1,322268
-4.414112,-40.907492,-1,323603
-4.570471,-40.817928,-1,322269
-4.788724,-40.06135,-1,324663
-4.705742,-40.566836,-1,327136
-4.752653,-40.833245,-1,328458
-4.74326,-40.925559,-1,329211
-4.568113,-41.219639,-1,331166
-3.796674,-40.601206,-1,332317
-3.975267,-40.70547,-1,333013
-4.046471,-40.753301,-1,333465
-4.143032,-40.582386,-1,336572
-4.184039,-40.512083,-1,336942
-4.255244,-40.613139,-1,337476
-4.325258,-40.708553,-1,338067
-4.193096,-40.479091,-1,339392
-4.241246,-40.347962,-1,340090
-4.331787,-40.156056,-1,340978
-3.980188,-40.698268,-1,343364
-4.097662,-40.43383,-1,344569
-4.769758,-40.510218,-1,344711
-4.272538,-40.556124,-1,344949
-4.245675,-40.640233,-1,345085
-6.790589,-39.298726,-1,346819
-7.186424,-39.736872,-1,349154
-7.246355,-39.76033,-1,573885
-3.905058,-40.37807,-1,352632
-3.915064,-40.383807,-1,352652
-4.072271,-40.315054,-1,353931
-3.733669,-40.481673,-1,353933
-3.563281,-41.092809,-1,355139
-3.72007,-41.084158,-1,355203
-3.731028,-40.992263,-1,355662
-3.853434,-40.921156,-1,356400
-3.922703,-40.889298,-1,356841
-4.163336,-40.750354,-1,358402
-3.695515,-40.381629,-1,358407
-3.696077,-40.382609,-1,358413
-3.741716,-40.496909,-1,358989
-3.916499,-41.228024,-1,72260
-3.525233,-40.340977,-1,360609
-3.563787,-41.093131,-1,363155
-3.562165,-41.366245,-1,364548
-3.551219,-40.654948,-1,364990
-3.622982,-40.904245,-1,366287
-3.676707,-41.068124,-1,366298
-3.750494,-41.1383,-1,366807
-5.250781,-38.493223,-1,18204
-5.271872,-38.722183,-1,369336
-4.491304,-38.595413,-1,369645
-5.102935,-38.360732,-1,370834
-3.527769,-39.073298,-1,370835
-3.565615,-39.083392,-1,371146
-5.484301,-38.398111,-1,371147
-5.432342,-38.488332,-1,371936
-5.400928,-38.570052,-1,372502
-3.431338,-39.036496,-1,372504
-3.672129,-39.117814,-1,374192
-3.827764,-39.265557,-1,376277
-3.947899,-39.43207,-1,378010
-3.535801,-38.944404,-1,378029
-3.550862,-38.913955,-1,378313
-3.552958,-38.887416,-1,379417
-3.567544,-38.826488,-1,380037
-3.215562,-39.301244,-1,382592
-4.816931,-38.823266,-1,383942
-4.964371,-38.99764,-1,385770
-4.973549,-38.996716,-1,385839
-4.996624,-39.032729,-1,386196
-5.587471,-39.373068,-1,386302
-5.718322,-39.595532,-1,388612
-5.615005,-38.761889,-1,391332
-5.115217,-38.364982,-1,391583
-3.603946,-38.972067,-1,397021
-3.607941,-38.967822,-1,397083
-3.669941,-38.977298,-1,397614
-4.979671,-38.990687,-1,398959
-5.448446,-38.468751,-1,399123
-3.641788,-38.819839,-1,401330
-3.621636,-38.850665,-1,401558
-3.597606,-38.89877,-1,401936
-3.492056,-39.137664,-1,403637
-3.490949,-39.139206,-1,403653
-3.489476,-39.139954,-1,403660
-3.465073,-39.159225,-1,403934
-3.464902,-39.160137,-1,403942
-3.464905,-39.16035,-1,403944
-3.464974,-39.160658,-1,403947
-3.465171,-39.161462,-1,403954
-3.442965,-39.294748,-1,404778
-3.374341,-39.294047,-1,405207
-3.372989,-39.294156,-1,405218
-3.372524,-39.294549,-1,405221
-3.372104,-39.295785,-1,405232
-3.354686,-39.354592,-1,405616
-3.695583,-38.631344,-1,105
-3.69463,-38.632318,-1,103
-3.683191,-38.657308,-1,41578
-4.299545,-38.501824,-1,410193
-4.791732,-38.058311,-1,280525
-5.394113,-38.231413,-1,417760
-5.888895,-38.618544,-1,421936
-6.405277,-38.84556,-1,425490
-6.647446,-38.823184,-1,426853
-6.647615,-38.823116,-1,426855
-6.809029,-38.755344,-1,427971
-7.005199,-38.752279,-1,428445
-7.177426,-38.781498,-1,429088
-7.302121,-38.893671,-1,430125
-7.49025,-38.984076,-1,193486
-7.492954,-38.984291,-1,431436
-3.550382,-38.814248,-1,432956
-3.698095,-38.870074,-1,434144
-3.351089,-39.138889,-1,434483
-3.437685,-39.148267,-1,435141
-3.438088,-39.148309,-1,435145
-3.439839,-39.148564,-1,435156
-3.440354,-39.149614,-1,435169
-3.490996,-39.139956,-1,435387
-3.491628,-39.139998,-1,435392
-3.517402,-39.146152,-1,435598
-3.233577,-39.308383,-1,436752
-3.273791,-39.266667,-1,437696
-3.152302,-39.442029,-1,440335
-3.000437,-39.69704,-1,436754
-3.711336,-38.824309,-1,450109
-6.394757,-38.528068,-1,448337
-3.223576,-39.270184,-1,451353
-3.239354,-39.232909,-1,451689
-3.223586,-39.270083,-1,451354
-7.855878,-39.088177,-1,453482
-5.521923,-38.271896,-1,456142
-7.286014,-40.456154,-1,457710
-7.367972,-40.397004,-1,457730
-6.191331,-38.50322,-1,457732
-6.045709,-38.461135,-1,458742
-3.494988,-39.578214,-1,461282
-3.684865,-39.584922,-1,463921
-3.678165,-39.348806,-1,468048
-3.749799,-39.784735,-1,471464
-7.114262,-38.668135,-1,473159
-7.092109,-38.723924,-1,521369
-6.394289,-39.435387,-1,473200
-3.580157,-39.999171,-1,473237
-4.992478,-39.980182,-1,473985
-4.13531,-38.751967,-1,474068
-4.053071,-39.451489,-1,475791
-4.529069,-39.62225,-1,477110
-4.414547,-40.909504,-1,477643
-3.558408,-40.557591,-1,478134
-3.969415,-41.233091,-1,479248
-5.199182,-39.285726,-1,479254
-3.468292,-40.785307,-1,479264
-3.465645,-40.680947,-1,576474
-3.475567,-40.831635,-1,479340
-3.983471,-38.520569,-1,479351
-4.564232,-38.920933,-1,483036
-4.648356,-38.950176,-1,483800
-4.860347,-39.052846,-1,485998
-4.968569,-39.016263,-1,486940
-4.969937,-39.016238,-1,486952
-5.86626,-39.556962,-1,23728
-6.086406,-39.461725,-1,23764
-6.730553,-38.72121,-1,492875
-6.789503,-38.718092,-1,493481
-7.311172,-38.778985,-1,493827
-7.381531,-38.788758,-1,494324
-7.390064,-38.775792,-1,494681
-7.389372,-38.775993,-1,495137
-6.243235,-38.914124,-1,498528
-6.245013,-38.914596,-1,498544
-6.409743,-38.949782,-1,499758
-6.414066,-39.03733,-1,69885
-6.571841,-39.050441,-1,499767
-5.803671,-39.417184,-1,500515
-5.806384,-39.419404,-1,500550
-4.64869,-39.676377,-1,30648
-5.090199,-38.36067,-1,505840
-5.076932,-38.384303,-1,506048
-4.977383,-38.637975,-1,508082
-6.133197,-39.878044,-1,513435
-6.406096,-38.862723,-1,513612
-6.644344,-38.700354,-1,516420
-6.943866,-38.963602,-1,518899
-7.540322,-38.651974,-1,523656
-4.844883,-39.138602,-1,526853
-6.242646,-38.915421,-1,528061
-4.980606,-39.063553,-1,528278
-4.653392,-38.942824,-1,528356
-6.679013,-38.884843,-1,529035
-4.879812,-37.447325,-1,534053
-4.650974,-37.476995,-1,537092
-4.649562,-37.47444,-1,537126
-3.811853,-38.574878,-1,41319
-3.987521,-38.613877,-1,539698
-3.888967,-38.677318,-1,543102
-3.97502,-38.707616,-1,544306
-4.147625,-38.84622,-1,546581
-4.695429,-38.402439,-1,547997
-5.10782,-38.373373,-1,550868
-3.504039,-38.913167,-1,553169
-3.750433,-38.95282,-1,555288
-3.989466,-39.579035,-1,556366
-2.85964,-40.696812,-1,560006
-2.852437,-40.590434,-1,560177
-4.090185,-41.125716,-1,560975
-3.228327,-40.128462,-1,561355
-5.588903,-38.005301,-1,561761
-3.264485,-41.130758,-1,561763
-2.89364,-41.272075,-1,562726
-5.92413,-39.267757,-1,563192
-2.89064,-40.85199,-1,563614
-2.882759,-40.872705,-1,563632
-2.874599,-40.890181,-1,563659
-2.901573,-40.93819,-1,563678
-2.827133,-40.284762,-1,563680
-2.824311,-40.409404,-1,563814
-2.822348,-40.410211,-1,563818
-2.823261,-40.230408,-1,563821
-2.830076,-40.279968,-1,563880
-2.824677,-40.271228,-1,564042
-2.903877,-40.850198,-1,564045
-2.904012,-40.850294,-1,564128
-3.130068,-40.834835,-1,564171
-3.215571,-40.86512,-1,564175
-3.21604,-40.865161,-1,564178
-3.216172,-40.865076,-1,564179
-3.216131,-40.864788,-1,564182
-3.215507,-40.864688,-1,564187
-3.215416,-40.865018,-1,564174
-3.132807,-40.816434,-1,564604
-3.132672,-40.81645,-1,564606
-3.132491,-40.816732,-1,564610
-3.132494,-40.816812,-1,564611
-3.712249,-40.343504,-1,564631
-3.712533,-40.342874,-1,564636
-3.696026,-40.381478,-1,564649
-3.129919,-40.835013,-1,564165
-3.69393,-40.379253,-1,565159
-3.62492,-41.086035,-1,565783
-3.348183,-41.268427,-1,564197
-3.045069,-41.128598,-1,566238
-2.973197,-39.88983,-1,566240
-2.972623,-39.890366,-1,566245
-2.973369,-39.890019,-1,566248
-2.972846,-39.890561,-1,566254
-3.372715,-39.294821,-1,567953
-3.373274,-39.29435,-1,567956
-3.411259,-39.032898,-1,568127
-3.465372,-39.160664,-1,568130
-3.465348,-39.160092,-1,568133
-3.83663,-40.666071,-1,568173
-3.786106,-40.618771,-1,568191
-3.989458,-39.579029,-1,568193
-4.36652,-40.468013,-1,570913
-7.492995,-38.758519,-1,574168
-7.54482,-38.839459,-1,574176
-2.877613,-40.95224,-1,574371
-4.224994,-38.70437,-1,574602
-3.784919,-38.43996,-1,575194
-5.223601,-37.786256,-1,575197
-3.810973,-40.876948,-1,575728
-3.759607,-40.816824,-1,575782
-6.209722,-40.695848,-1,576378
-6.199169,-40.696459,-1,576386
-6.02068,-40.89529,-1,571049
-5.845661,-40.703703,-1,576457
-7.07513,-40.3723,-1,576535
-6.534255,-39.500545,-1,124994
-6.871347,-39.37499,-1,573888
-7.829098,-39.075233,2310605,576603
-7.536294,-39.119081,-1,29446
-7.53505,-39.117491,2311108,576606
-3.570285,-39.970098,2308377,576653
-5.917584,-39.268416,-1,121153
-5.91511,-39.26776,2304269,576731
-7.001193,-39.742059,-1,190967
-7.002016,-39.739522,2300606,576595
-4.790884,-40.062067,2308609,576706
-6.211308,-40.696964,2310308,576563
-6.323999,-40.160874,2301505,576564
-6.005931,-40.287984,2313302,576565
-6.131995,-39.878794,2303600,576566
-6.095282,-39.455096,2300309,576567
-6.252837,-39.201147,2311355,576568
-6.363175,-39.298836,2305506,576569
-6.406533,-38.862865,2305407,576570
-6.244584,-38.915323,2309508,576571
-5.887669,-38.622001,2306900,576572
-6.04577,-38.460587,2310803,576573
-6.032083,-38.349888,2304277,576574
-7.074671,-40.374875,2302701,576575
-7.212641,-40.136301,2301307,576576
-7.091563,-40.027132,2311207,576577
-7.186464,-39.736904,2312106,576578
-7.093229,-39.679121,2309201,576579
-6.875008,-39.873956,2301604,576580
-6.572926,-40.123478,2300408,576581
-6.775896,-39.988298,2300804,576582
-6.927998,-39.572867,2304301,576583
-6.540421,-39.906002,2311900,576584
-6.540852,-39.906199,-1,93106
-6.682785,-39.759159,2313252,576585
-6.522128,-39.525368,2307403,576586
-6.53591,-39.498506,2303303,576587
-6.889747,-39.217803,2304806,576588
-6.886928,-39.221443,-1,250718
-6.791638,-39.297067,2314003,576589
-6.75336,-38.964505,2307502,576590
-6.78959,-38.718039,2305704,576591
-6.728771,-38.7166,2301802,576592
-6.730552,-38.721092,-1,492874
-6.64446,-38.700313,2313708,576593
-6.64439,-38.700319,-1,516419
-7.285806,-40.45755,2311959,576594
-7.231485,-39.411081,2304202,576596
-7.206637,-39.317003,2307304,576597
-7.310608,-39.30387,2301901,576598
-7.249623,-39.145454,2308401,576599
-7.359914,-39.048046,2300101,576600
-7.357689,-39.046795,-1,193022
-7.314485,-38.944177,2308302,576601
-7.389183,-38.775551,2308104,576602
-7.687207,-39.006158,2307205,576604
-7.584823,-39.281363,2307106,576605
-7.041524,-39.28445,2303204,576607
-7.177656,-38.779781,2302008,576608
-6.943066,-38.96809,2301703,576609
-6.943533,-38.965752,-1,518900
-7.492983,-38.98435,2302503,576610
-6.608905,-39.062978,2303808,576611
-3.03729,-41.242121,2303907,576612
-3.019523,-41.137193,2302057,576613
-2.897132,-40.844835,2302602,576614
-2.898867,-40.45164,2307254,576615
-2.922522,-40.174685,2304251,576616
-2.884629,-40.119599,2300200,576617
-2.922072,-39.91409,2306553,576618
-3.119632,-40.828873,2304707,576619
-3.22329,-40.695678,2307908,576620
-3.316464,-40.560001,2313906,576621
-3.05586,-40.169531,2302305,576622
-3.122583,-40.148886,2307809,576623
-3.229221,-40.126072,2308906,576624
-3.459816,-40.210584,2312007,576625
-3.35306,-40.464369,2312809,576626
-3.363313,-39.828237,2300754,576627
-3.36422,-39.826997,-1,287721
-3.494598,-39.579176,2306405,576628
-3.27414,-39.267408,2313500,576629
-3.438346,-39.147029,2310258,576630
-3.41606,-39.028726,2310209,576631
-3.410572,-39.030191,-1,568128
-3.564912,-41.091944,2314102,576632
-3.760006,-40.816612,2304509,576633
-3.855523,-40.920916,2313609,576634
-3.922758,-40.890214,2305308,576635
-3.908776,-40.746664,2309003,576636
-3.980225,-40.698228,2309904,576637
-3.466648,-40.681174,2308807,576638
-3.55121,-40.654975,2304004,576639
-3.728739,-40.991646,2313401,576640
-3.58687,-40.545498,2300507,576641
-3.53851,-40.457964,2308203,576642
-3.523793,-40.342055,2308005,576643
-3.687347,-40.353478,2312908,576644
-3.949766,-40.475125,2303105,576645
-3.915029,-40.383761,2304905,576646
-3.799542,-40.262343,2304350,576647
-3.747459,-39.784671,2306108,576648
-3.685645,-39.585575,2306306,576649
-3.625541,-39.507656,2313807,576650
-3.599136,-39.435889,2313559,576651
-3.989251,-39.578801,2313351,576652
-3.947708,-39.432025,2300903,576654
-3.792623,-39.273155,2310704,576655
-3.677042,-39.348938,2313757,576656
-3.672554,-39.240801,2312601,576657
-3.607826,-38.968514,2312403,576658
-3.734139,-38.656237,2303709,576659
-3.894499,-38.68794,2307700,576660
-3.877454,-38.625546,2307650,576661
-3.984265,-38.619524,2309706,576662
-3.971723,-38.528499,2306256,576663
-3.904052,-38.388478,2301000,576664
-3.903819,-38.389629,-1,79366
-3.861096,-38.470313,2304285,576665
-4.165432,-40.941996,2303402,576666
-4.416054,-40.908688,2304236,576667
-4.325572,-40.711232,2305803,576668
-4.163304,-40.750353,2305001,576669
-4.046531,-40.865684,2312304,576670
-4.142258,-40.582162,2311702,576671
-4.191662,-40.478348,2313955,576672
-4.244461,-40.646497,2310951,576673
-4.245585,-40.640334,-1,345086
-4.408197,-40.402957,2305209,576674
-4.33184,-40.155967,2312205,576675
-4.052453,-39.451661,2304608,576676
-4.09709,-39.238828,2310407,576677
-4.232219,-39.193693,2303006,576678
-4.359109,-39.314646,2302800,576679
-4.418855,-39.045946,2301406,576680
-4.468039,-38.900143,2302909,576681
-4.305286,-38.995775,2309102,576682
-4.261897,-38.932633,2305100,576683
-4.225564,-38.922382,2309805,576684
-4.332326,-38.879579,2302107,576685
-4.371751,-38.810094,2301208,576686
-4.491252,-38.596056,2309458,576687
-4.286364,-38.641821,2301950,576688
-4.224408,-38.730332,2311603,576689
-4.224137,-38.704987,2300150,576690
-4.147718,-38.846194,2310100,576691
-4.040814,-38.636357,2304954,576692
-4.173393,-38.465252,2309607,576693
-4.025999,-38.306531,2310852,576694
-4.1301,-38.237343,2303501,576695
-4.179924,-38.129566,2302206,576696
-4.450958,-37.797455,2304459,576697
-4.567012,-37.771122,2301109,576698
-4.743232,-40.925563,2311009,576699
-4.752648,-40.832959,2301257,576700
-4.704628,-40.567027,2309300,576701
-4.90072,-40.759674,2305654,576702
-4.542378,-40.719219,2305902,576703
-4.833163,-40.32126,2313203,576704
-4.649513,-40.200804,2303659,576705
-4.52909,-39.622232,2306603,576707
-4.850797,-39.572936,2307635,576708
-4.563772,-38.922807,2306504,576709
-4.819539,-38.821028,2305266,576710
-4.975547,-38.637366,2305332,576711
-4.746817,-37.961296,2310001,576712
-4.939922,-37.973823,2311801,576713
-4.837459,-37.781994,2307007,576714
-4.678055,-37.82259,2306207,576715
-4.712237,-37.355744,2305357,576716
-5.175672,-40.671215,2304103,576717
-5.394973,-40.310924,2305605,576718
-5.125073,-39.731142,2302404,576719
-5.454316,-39.715569,2310506,576720
-5.30614,-38.920248,2301851,576721
-5.191993,-39.293421,2311405,576722
-5.107007,-38.372722,2308708,576723
-5.270229,-38.272736,2312502,576724
-5.269275,-38.271809,-1,287662
-5.245696,-38.130922,2313104,576725
-5.144226,-38.09598,2307601,576726
-5.071089,-37.989324,2311504,576727
-5.074371,-37.991496,-1,288111
-5.535664,-40.774757,2309409,576728
-5.845548,-40.703622,2311264,576729
-5.745149,-39.629378,2308500,576730
-5.807642,-39.417214,2310902,576732
-5.73121,-39.007755,2313005,576733
-5.675568,-39.194767,2308351,576734
-5.587476,-39.373125,2312700,576735
-5.611989,-38.766544,2306702,576736
-5.457797,-38.465822,2306801,576737
-5.44851,-38.468683,-1,399124
-5.723225,-38.156051,2311231,576738
-5.723624,-38.159031,-1,268987
-5.810738,-38.303031,2306009,576739
-5.521156,-38.274404,2300705,576740
-4.845119,-39.139211,2303931,576741
-4.967716,-39.014413,2311306,576742
-3.736194,-38.486695,2304400,576743
-3.746688,-38.480065,-1,242156
-4.096972,-38.495411,2305233,576744
-4.300245,-38.498215,2303956,576745
-4.046507,-40.753342,2304657,576746
