src,dst,wgt,jur
0,1,25.332539,0
2,3,8.031198,0
4,5,1.259946,0
6,7,2.634321,1
8,9,1.679727,0
10,11,0.930757,0
12,13,9.157643,0
13,14,0.572846,0
14,15,11.877794,0
15,16,22.958114,0
16,17,1.328997,0
18,19,17.865715,0
20,21,8.629629,0
21,22,0.047114,0
22,23,12.026343,0
23,24,10.831743,0
25,26,45.372437,0
23,27,28.302856,0
28,29,0.297075,0
29,30,0.244282,0
30,31,3.025781,0
31,32,1.259261,0
33,34,7.974331,0
35,36,2.569293,0
37,38,9.768252,0
39,40,1.308022,0
40,41,0.135172,0
42,43,4.342557,0
44,45,11.519679,0
46,47,6.227486,0
48,49,11.264252,1
50,51,0.605473,0
51,52,2.450930,0
53,50,12.715760,0
54,55,9.257814,1
56,57,24.081994,1
58,56,19.511555,1
59,60,1.999876,1
61,62,41.950889,1
63,64,12.991437,1
65,66,30.151387,0
65,67,30.219187,0
67,68,18.709701,1
68,69,27.167058,1
70,71,0.560565,1
71,72,0.237442,1
72,73,14.693256,1
73,74,9.631203,1
75,76,26.785275,1
77,78,9.165549,1
79,80,7.326289,1
81,82,0.581704,0
82,83,19.197067,0
84,85,4.736296,0
86,87,0.385624,1
88,89,0.191321,1
89,90,0.194357,1
91,92,1.610541,0
91,93,2.041334,0
94,95,24.303859,0
96,97,6.998003,1
98,99,1.940537,0
100,101,18.452602,1
100,102,0.432064,1
103,104,1.453489,0
104,104,0.358886,0
105,106,0.350391,0
106,107,8.623357,0
108,109,2.332700,1
109,110,0.869227,0
110,111,5.864108,0
112,113,37.020525,0
114,115,1.067155,0
116,117,27.780666,0
118,119,1.113604,0
120,121,0.108694,0
121,122,0.683773,0
122,123,9.030921,0
123,124,9.327872,0
125,126,1.846711,0
126,127,0.644579,0
128,129,0.841126,0
130,131,10.975759,1
132,133,3.100120,0
134,135,4.073075,1
136,137,0.463180,1
138,139,1.777331,0
140,141,22.209613,1
140,142,7.220468,1
143,141,2.120496,1
144,145,0.446387,0
146,147,0.035849,1
148,149,4.347935,1
150,145,2.872411,0
151,152,0.140322,0
152,153,1.669754,0
154,155,0.753608,1
156,157,1.783794,0
158,159,1.262360,0
159,160,1.278524,0
161,162,3.202405,0
163,164,3.460291,0
165,166,8.681719,1
167,168,3.332362,1
169,170,1.729924,1
167,171,10.023259,1
172,173,3.196577,0
172,174,3.167774,0
175,176,3.333978,1
177,178,3.959677,1
177,179,3.351166,1
180,181,0.466114,0
180,182,1.924080,0
183,184,12.079506,0
185,186,3.510722,0
187,188,3.618469,1
165,189,8.039231,0
190,191,4.668116,0
192,193,3.800940,0
194,195,1.954501,0
196,197,1.961324,0
198,199,1.805953,0
200,201,10.286384,0
202,203,9.788752,0
204,205,6.599343,0
206,207,2.606788,0
207,208,12.725185,0
209,210,2.660963,1
211,212,3.099895,1
211,213,25.754894,1
213,214,17.828828,1
214,215,15.154065,1
216,217,0.076522,0
218,219,0.090716,0
219,220,0.046938,0
220,216,0.105256,0
217,218,0.094238,0
199,201,0.022045,0
201,221,0.015289,0
221,222,0.021334,0
222,199,0.021984,0
223,224,0.030335,1
224,225,0.032084,1
225,226,0.026666,1
226,223,0.030865,1
227,228,0.026459,0
227,229,0.033706,0
230,162,0.026611,0
228,230,0.036606,0
231,232,0.024896,0
233,231,0.033749,0
234,233,0.020124,0
235,234,0.007770,0
236,235,0.012402,0
232,236,0.015043,0
237,238,0.015707,0
239,240,0.032339,0
241,242,0.012511,0
243,241,0.023449,0
244,245,0.037478,0
246,244,0.048622,0
242,246,0.028506,0
247,200,0.028427,0
248,247,0.069971,0
249,248,0.013921,0
250,249,0.037203,0
251,250,0.033887,1
251,200,0.123192,0
252,253,0.028427,1
254,252,0.079195,0
255,254,0.102557,0
256,255,0.026806,1
253,256,0.150566,1
257,258,0.113456,1
259,257,0.090992,1
260,259,0.106301,0
261,260,0.023767,0
258,261,0.070658,1
178,262,0.063657,1
173,263,0.066808,0
263,178,0.088279,1
262,264,0.106773,1
179,175,0.074756,1
175,174,0.154327,0
265,179,0.374877,1
174,265,0.355015,0
266,267,0.085109,1
268,266,0.134705,1
267,268,0.137900,1
269,204,0.061560,0
270,269,0.151642,0
203,270,0.073828,0
271,203,0.172497,0
204,271,0.116997,0
205,272,0.015903,0
272,206,0.264572,0
206,273,0.031488,0
273,205,0.245951,0
191,274,0.067395,0
275,191,0.030918,0
276,275,0.044100,0
277,276,0.034583,0
193,277,0.073458,0
274,193,0.049044,0
278,279,0.035306,0
280,278,0.026677,0
281,183,0.043019,0
183,280,0.050162,0
279,281,0.038896,0
282,283,0.035409,0
283,284,0.074683,0
284,285,0.055237,0
184,282,0.019588,0
285,184,0.073208,0
286,287,0.036418,0
287,288,0.084548,0
288,164,0.020106,0
164,289,0.024928,0
289,290,0.089034,0
291,292,0.063331,0
293,294,0.069616,0
294,291,0.075977,0
295,293,0.076043,0
292,295,0.037991,0
296,297,0.029929,0
297,298,0.059165,0
298,299,0.086663,0
299,300,0.058939,0
300,296,0.075449,0
301,302,0.049799,0
302,303,0.022915,0
303,304,0.045130,0
305,301,0.048155,0
304,305,0.075610,0
306,307,0.049955,0
307,308,0.048241,0
309,306,0.253843,0
310,309,0.045708,0
311,310,0.048461,0
308,311,0.260402,0
312,313,0.011706,0
314,312,0.029669,0
315,316,0.013451,0
317,315,0.032003,0
313,317,0.052620,0
316,314,0.049295,0
318,319,0.041700,0
319,320,0.049213,0
320,321,0.051359,0
322,318,0.023533,0
321,322,0.045049,0
323,324,0.148588,0
325,326,0.097517,0
326,324,0.155266,0
323,325,0.106878,0
327,328,0.039831,0
328,329,0.049348,0
329,330,0.063125,0
331,327,0.031289,0
330,331,0.044264,0
332,333,0.038038,0
333,334,0.048621,0
332,335,0.076043,0
334,335,0.018746,0
336,337,0.028441,0
338,336,0.016705,0
339,338,0.015522,0
337,339,0.016101,0
340,341,0.035644,0
112,340,0.057403,0
112,342,0.021516,0
341,343,0.017406,0
344,345,0.026239,0
344,346,0.010148,0
346,17,0.012185,0
17,345,0.025317,0
189,347,0.052856,0
348,189,0.017507,0
186,348,0.057445,0
349,190,0.039622,0
347,349,0.049356,0
350,351,0.160230,0
351,352,0.108653,0
185,350,0.042346,0
353,185,0.102711,0
354,195,0.079948,0
197,354,0.103416,0
195,197,0.032929,0
355,356,0.021369,1
357,355,0.023152,1
358,357,0.033348,1
356,359,0.031358,1
359,163,0.026409,1
163,358,0.024051,1
360,361,0.035157,0
362,360,0.066796,0
363,362,0.063802,0
364,363,0.076889,0
361,364,0.025406,0
365,366,0.037682,0
366,367,0.032385,0
367,368,0.015546,0
368,365,0.007141,0
369,370,0.759273,0
370,371,0.676694,0
372,373,0.266190,0
374,375,8.502530,0
375,376,0.438729,0
371,376,6.459996,0
376,377,3.678485,0
377,378,13.097304,0
377,379,8.316577,0
379,380,0.196564,0
381,382,17.951994,0
383,384,13.942083,0
383,385,15.290436,0
386,387,16.180805,0
384,388,17.595971,0
388,389,0.548430,0
390,391,0.299790,0
391,392,19.409351,0
208,107,13.438090,0
223,393,2.166342,1
394,395,0.034428,0
396,394,0.025057,1
397,396,0.090557,1
393,397,0.029270,1
398,393,0.020056,0
395,398,0.037262,0
397,226,2.173152,1
399,400,4.056698,1
80,401,2.414859,1
389,402,3.340507,0
403,404,0.225875,0
405,406,0.009820,1
407,405,0.055116,1
408,409,0.017183,1
406,408,0.072475,1
19,410,0.025545,0
411,412,0.012735,0
410,411,0.051170,0
412,19,0.077226,0
411,407,4.643564,0
409,407,0.014315,1
209,215,0.099486,1
413,210,0.048385,1
210,414,0.024412,1
414,415,0.047987,1
415,413,0.021444,1
416,417,1.176121,0
417,9,0.151162,0
9,418,9.960069,0
419,420,0.037070,0
421,419,0.040710,0
416,421,0.049629,0
422,416,0.054302,0
420,422,0.063213,0
423,424,3.184860,1
424,425,3.297561,1
426,70,2.837780,0
427,33,14.111753,0
427,428,2.558541,0
290,286,0.036548,0
429,236,3.290372,0
235,430,3.295323,0
431,353,0.048358,0
432,433,50.746591,0
47,434,21.692841,0
435,196,7.992537,0
241,436,0.942038,0
243,437,0.950243,0
245,243,0.023401,0
438,439,1.141590,0
440,439,0.052616,0
441,440,0.017038,0
437,441,0.009249,0
436,437,0.019814,0
438,436,0.035070,0
442,438,0.017720,0
440,441,0.491887,0
443,444,0.659353,0
445,444,0.977314,0
245,445,0.279310,0
446,447,0.427497,0
446,244,0.365307,0
444,448,0.607089,0
449,450,4.539120,0
451,452,9.422054,0
452,453,4.462108,0
452,454,4.223043,0
352,431,0.024109,0
373,455,0.027288,0
449,373,0.043212,0
456,449,0.021784,0
455,456,0.010975,0
93,457,1.945208,0
92,458,1.056395,1
459,385,2.888742,0
169,460,5.581657,1
168,461,15.633274,0
176,315,26.227727,0
462,463,0.071006,0
463,464,0.038404,0
464,465,0.051348,0
465,462,0.061026,0
466,208,11.065771,0
467,468,0.456965,0
469,52,0.024373,0
52,470,0.043835,0
470,471,0.020972,0
471,469,0.082637,0
472,53,0.823910,0
202,473,0.029099,0
473,105,0.087564,0
105,466,0.015523,0
466,474,0.106888,0
474,202,0.017892,0
475,470,30.352534,0
209,215,0.099612,1
476,477,47.924398,0
248,478,8.885837,0
249,478,4.448271,0
479,395,1.282146,0
398,229,2.594674,0
480,481,3.262436,0
481,482,1.919660,0
482,483,0.450421,0
483,295,0.834395,0
484,158,4.133760,0
160,296,2.391491,0
485,486,0.993596,0
239,487,1.790318,0
488,489,0.665535,0
489,490,3.880870,0
491,492,3.970913,0
493,494,1.179756,0
8,495,4.301982,0
335,496,0.611339,0
497,86,34.752815,1
87,498,30.294485,1
498,499,17.629029,1
499,88,0.074582,1
90,500,72.890102,1
501,502,1.199652,1
502,503,29.698616,1
503,504,2.332292,1
504,505,2.974188,1
505,506,2.769896,1
507,508,1.133006,1
508,505,1.643292,1
509,510,3.150838,0
510,511,12.659236,0
511,156,0.265473,0
512,513,7.775367,0
513,514,5.609932,0
89,515,58.234648,1
266,108,2.343170,1
109,516,4.619438,1
516,517,38.888171,1
517,515,34.173399,1
518,519,20.570400,1
518,267,33.149757,1
520,521,18.094142,1
521,522,0.289017,1
522,500,35.242396,1
500,523,37.106295,1
523,108,46.041599,1
111,524,26.995750,1
525,87,2.530857,0
526,365,0.453872,0
368,507,0.353401,0
506,367,0.356427,0
527,528,12.345375,0
529,514,34.063941,0
530,531,0.742010,1
531,90,87.187705,1
532,74,33.492559,0
532,532,0.475949,0
513,533,26.778060,0
366,528,19.471423,0
534,84,31.528473,0
302,535,0.999482,0
111,536,28.231808,0
73,537,8.812871,0
504,538,16.163355,0
516,539,0.972341,0
60,540,17.284950,1
540,541,9.512684,1
541,542,13.463034,1
542,187,10.112812,1
188,166,35.436700,1
543,544,31.727377,0
545,546,2.591727,0
546,39,5.152254,0
39,33,8.605173,0
428,547,7.619601,0
547,548,5.404891,0
548,549,6.085595,0
549,550,13.985328,0
550,551,6.401498,0
551,552,17.668174,0
552,132,12.882462,0
133,553,18.033230,0
554,555,0.082933,0
555,556,2.052548,0
557,558,0.999498,0
558,559,21.736415,0
559,560,0.118051,0
560,561,0.082718,0
561,562,0.049311,0
562,563,0.117068,0
563,564,34.551588,0
564,565,0.086061,0
565,566,12.825514,0
566,567,4.908647,0
250,396,3.865342,1
225,356,4.726684,1
460,357,6.142443,1
170,568,8.303786,1
568,256,2.720011,1
255,171,2.745423,1
253,258,3.747600,1
261,252,3.712675,1
257,262,4.022783,1
264,259,4.081115,1
176,263,3.903479,1
254,569,1.403633,0
569,260,1.872963,0
137,570,15.963837,0
571,25,15.100977,0
25,24,0.839252,0
572,35,11.330936,0
35,546,6.530199,0
573,574,34.130504,0
428,575,26.073605,1
575,576,11.065325,1
577,576,3.890679,1
577,578,29.027677,1
578,579,18.808197,1
579,134,10.778871,1
580,548,7.874021,0
547,581,1.420853,0
581,582,16.115111,0
582,583,8.582817,1
583,584,0.352425,1
584,585,12.752241,0
585,586,36.976632,0
586,587,10.009242,0
587,410,13.385159,0
412,588,0.277619,0
588,409,4.376596,0
575,584,7.492118,1
137,589,29.571354,1
589,20,1.572828,1
20,135,10.187313,1
135,405,1.620391,1
408,590,0.932615,1
590,591,0.079357,1
591,592,0.064262,1
592,593,0.076343,1
593,594,4.593320,1
595,278,4.001607,0
60,596,3.594161,0
74,76,0.176644,1
596,26,60.558480,0
576,37,8.435611,1
37,574,12.324945,1
574,597,13.860677,1
554,598,0.037779,0
598,599,0.054757,0
599,600,16.766544,0
600,601,0.227937,0
601,12,14.080595,0
602,603,14.727290,0
603,130,0.934502,0
272,269,6.598024,0
273,604,4.195037,0
604,605,0.838433,0
605,606,1.133091,1
606,607,36.806497,0
608,609,9.739392,0
609,610,5.217832,0
610,611,14.075960,0
611,612,0.042430,0
612,473,22.103257,0
613,614,10.228233,0
615,616,54.771290,0
125,617,11.812954,0
618,118,10.766295,0
619,12,12.300284,0
620,621,27.599990,0
621,619,3.007726,0
619,622,12.171150,0
622,623,0.655817,0
623,459,9.605217,0
385,212,24.225510,0
624,624,0.364531,0
624,607,13.873992,0
625,626,0.666541,0
626,609,7.083481,0
610,627,8.186243,0
387,384,7.430622,0
628,459,7.591895,0
207,629,0.345474,0
629,630,1.188974,0
631,630,7.567149,0
632,633,2.854777,0
630,634,5.172695,0
635,636,29.185752,0
637,638,4.739933,0
638,271,2.365819,0
270,474,9.793215,0
107,639,28.510626,0
639,640,17.131144,0
641,642,3.656714,0
642,643,4.918818,0
103,611,43.124424,0
102,644,11.285165,0
645,646,5.236372,1
647,648,7.264565,0
78,649,10.289786,1
476,649,15.152503,1
476,83,3.679844,1
83,79,12.997571,1
80,401,2.384978,1
401,650,0.163835,1
650,651,12.503634,1
652,651,21.745322,1
653,654,18.323457,0
654,655,3.968733,0
655,656,1.362805,0
656,657,10.154187,0
657,658,8.507619,0
646,659,23.356071,1
58,660,40.183058,1
660,423,6.595254,1
661,662,3.676609,0
662,663,2.635519,0
663,425,4.380582,0
652,605,43.208624,1
101,103,11.568580,0
663,664,3.653353,0
665,666,5.831710,0
667,668,1.524828,0
668,669,0.234396,0
670,671,0.641363,0
672,673,2.044318,0
674,637,3.483246,0
642,675,2.256896,0
676,677,1.194386,0
655,678,1.377860,0
662,679,1.255449,0
680,681,1.804194,0
681,432,0.896806,0
507,526,0.263109,1
526,682,3.895403,1
682,683,24.633308,1
70,684,3.079076,1
88,685,27.489261,0
685,686,16.253659,0
686,687,32.267589,0
687,688,36.328942,0
688,689,0.903693,1
689,533,0.754024,1
498,690,6.800945,0
81,683,31.168407,0
95,691,17.310242,0
691,692,0.099750,0
692,693,20.965760,0
693,694,32.893167,0
695,696,8.956201,1
684,697,61.925254,1
697,503,16.463726,1
165,220,5.704856,1
219,221,3.828769,0
222,218,3.807785,0
277,355,10.075866,0
430,237,3.007271,0
238,429,3.018694,0
240,485,7.020918,0
485,481,5.104023,0
698,158,2.152719,0
699,242,1.470038,0
246,700,1.462084,0
445,231,5.146216,0
232,448,4.551586,0
446,448,0.502083,0
233,227,0.460525,0
228,234,0.477815,0
701,230,3.207906,0
161,289,3.064059,0
290,702,0.181888,0
702,701,2.874790,0
288,461,5.312913,0
703,287,5.302457,0
461,704,3.916110,0
493,703,3.903048,0
704,291,2.451540,0
292,493,2.483386,0
294,299,6.543301,0
300,293,6.558428,0
298,305,9.048446,0
301,297,9.049474,0
304,310,9.802203,0
309,303,9.829472,0
314,307,4.317342,0
322,313,4.629042,0
325,319,5.225146,0
331,326,8.831963,0
334,328,1.749245,0
79,705,17.395280,0
637,477,20.488457,0
706,347,5.655232,0
349,707,5.615713,0
394,251,3.875488,1
224,359,4.735978,1
168,358,8.380440,1
157,318,3.795924,0
595,350,3.595332,0
708,156,10.437893,0
157,312,2.147624,0
709,710,22.301637,0
138,711,21.038935,0
171,311,25.684039,0
306,157,5.107606,0
327,488,2.313895,0
488,712,5.951160,0
713,491,1.671285,0
491,714,4.905759,0
715,716,10.281871,0
716,717,14.985735,0
45,718,19.136966,0
469,64,5.461683,0
475,719,26.637126,0
720,719,1.955937,0
720,721,7.367612,0
66,722,28.388505,0
282,2,6.467288,0
2,723,5.095636,0
723,169,1.662998,0
724,725,1.447731,1
400,726,24.039239,1
726,727,0.162139,1
727,715,6.482126,1
715,143,8.456130,1
141,728,18.963918,0
728,144,0.906047,0
182,729,0.738670,0
729,730,13.630546,0
730,731,16.091983,0
378,732,8.724702,0
732,54,34.627108,0
733,734,2.931727,0
734,47,6.343371,0
48,735,3.695088,0
50,735,9.750401,0
471,736,10.254994,0
736,737,0.390869,0
737,720,1.999465,0
738,739,10.483087,0
740,434,15.889199,0
434,472,29.239907,0
736,63,7.259276,0
63,741,10.162061,0
725,742,1.002965,0
387,743,0.505044,0
744,472,1.273138,0
500,745,47.536887,1
746,747,0.701393,1
747,748,35.407064,1
748,749,0.493887,1
749,750,14.016982,1
750,751,26.368698,1
751,59,27.083592,1
752,753,5.143843,0
753,754,0.054825,0
754,181,20.642774,0
755,732,2.435232,0
732,756,12.511744,0
24,757,20.208736,0
757,337,18.844035,0
336,341,1.064121,0
343,338,1.070571,0
113,758,14.945921,0
758,759,12.551857,0
131,760,6.675565,1
760,761,10.897028,1
115,762,26.046254,0
762,763,7.816027,1
763,764,16.315904,1
764,765,0.252908,1
765,766,30.206985,1
766,767,8.219552,1
767,768,18.772543,1
768,268,33.458079,1
769,519,28.893700,0
617,118,13.009985,0
182,455,2.136425,0
770,771,1.428293,0
771,390,12.134986,0
756,772,0.737797,0
772,773,22.105693,0
773,382,0.287827,0
382,59,36.851442,0
26,339,42.520547,0
340,774,2.423758,0
774,775,26.817266,0
775,776,0.153223,0
776,763,34.988463,0
769,777,17.812759,0
778,779,30.725355,0
432,748,61.045325,0
780,758,31.167977,0
758,766,28.544062,0
766,781,1.022081,0
781,519,30.940908,0
519,782,0.121640,1
782,783,13.942314,1
783,784,41.650425,1
759,768,27.680243,0
785,211,5.293650,0
785,770,7.084933,0
390,786,10.563933,0
786,787,10.368189,0
115,778,35.155719,0
131,129,17.494717,0
128,788,0.492032,0
788,789,9.205712,0
789,790,13.743387,1
790,791,14.371277,1
791,762,0.743666,1
114,128,24.149665,0
789,792,3.999730,1
792,761,0.657240,1
761,793,15.340335,0
793,774,22.420522,0
794,342,0.300438,0
786,795,0.983144,0
795,129,25.428471,0
760,796,4.057379,0
767,797,3.108704,0
790,798,6.804136,0
790,799,3.198532,0
755,450,16.503515,0
683,800,32.241671,1
800,650,1.064374,1
607,801,13.145964,0
801,802,7.808776,0
533,92,16.888845,1
93,95,20.547864,0
406,803,22.723741,0
602,803,1.143732,0
602,804,0.218379,0
804,805,19.995703,0
806,130,25.049852,1
616,807,4.082312,0
124,808,1.462611,0
808,413,9.318623,0
414,809,1.156984,0
809,636,15.988684,0
636,810,0.280562,0
810,632,0.218088,0
632,392,8.602564,0
392,811,0.194173,0
811,125,12.295417,0
127,618,6.727325,0
618,812,15.144027,0
812,114,0.058434,0
813,814,0.125663,1
814,806,11.848383,1
806,815,1.915381,1
815,212,7.066875,1
415,635,18.480906,1
816,635,15.174185,1
586,817,8.673605,0
386,16,1.399001,0
386,628,33.517571,0
628,623,7.166528,0
818,819,34.934867,0
18,587,8.204018,0
459,820,0.204200,0
820,821,30.272566,0
214,821,4.603111,0
822,124,5.054091,0
808,823,6.968752,0
824,825,29.473709,0
55,826,4.469883,0
49,827,23.795413,0
828,829,4.461637,0
830,831,13.756206,0
831,832,10.792201,0
833,828,11.642196,0
829,834,12.643541,0
834,150,18.465956,0
835,836,24.816065,0
462,836,11.933011,0
837,838,4.090088,0
839,840,8.209610,0
57,55,22.782622,1
711,841,18.042580,0
54,842,35.068244,1
842,7,24.762558,1
7,843,1.624301,0
843,844,1.028757,0
844,845,4.908222,0
75,846,1.390088,0
846,847,33.052485,0
848,832,33.267879,0
827,849,1.474539,0
824,849,23.479491,0
824,832,19.638208,0
848,426,32.477436,0
850,851,0.743763,0
851,852,7.337089,0
844,853,0.992465,0
831,854,2.975436,0
217,420,2.897053,0
422,216,2.910131,0
419,362,1.430844,0
360,421,1.432638,0
361,8,1.829433,0
8,454,14.787174,0
454,855,8.365851,0
855,856,4.380404,0
856,857,6.682484,0
857,850,8.711419,0
850,828,14.283481,0
828,858,8.583442,0
858,859,0.213076,0
859,860,0.185072,0
860,861,4.758405,0
861,862,0.103369,0
863,864,0.035097,0
864,865,0.092292,0
865,866,15.942138,0
866,867,7.660073,0
867,868,0.151909,0
869,870,0.146397,0
870,871,6.910819,0
871,138,17.398005,0
139,544,32.123128,0
363,872,3.549586,0
872,873,0.152383,0
873,874,3.548692,0
495,364,7.227212,0
874,451,3.731147,0
451,495,3.737012,0
265,731,11.613366,1
875,57,4.898712,1
58,739,27.342844,1
739,876,2.714719,1
876,718,6.433036,1
718,733,9.389999,1
733,48,19.583110,1
49,64,3.476007,1
63,721,7.870167,1
721,877,12.615894,1
877,830,21.270276,1
830,709,32.606938,1
709,878,26.831680,1
878,645,1.976581,1
645,69,9.494973,1
69,879,57.098291,1
879,880,28.894590,1
881,77,10.923441,0
77,882,8.874735,1
882,648,4.222568,1
883,96,2.503038,1
97,884,11.032882,1
884,885,21.243240,1
885,625,5.683288,1
625,608,9.611112,1
608,886,10.944197,1
886,887,0.301948,1
887,101,5.282175,1
888,840,4.074205,0
840,856,7.211717,0
856,889,8.951614,0
839,857,5.147998,0
890,891,11.447299,0
891,892,0.045313,0
892,893,0.197125,0
893,894,0.167453,0
894,863,3.995394,0
895,896,0.070694,0
896,897,3.037065,0
841,898,2.628794,0
898,899,6.675019,0
899,868,11.800922,0
866,149,26.214308,0
900,139,31.905774,0
901,544,30.692915,0
544,724,25.385658,0
468,597,30.502980,0
597,724,1.011066,1
855,902,8.669214,0
903,879,53.546326,0
711,898,6.379160,0
841,904,3.640890,0
905,906,4.955490,0
840,855,8.849342,0
897,829,9.139693,0
871,726,32.749921,0
102,5,18.055249,1
5,907,3.286259,1
660,43,11.392684,0
45,42,12.509126,0
877,908,18.863568,0
66,908,7.167347,0
695,909,26.154843,0
909,910,11.736993,0
911,912,18.881741,0
912,68,0.247015,0
146,144,16.397823,0
139,913,22.742134,0
913,400,0.643644,1
399,717,41.256788,0
914,142,1.374891,0
165,418,9.697158,1
418,902,9.377860,1
902,889,5.327988,1
889,154,4.865935,1
155,852,6.765209,1
852,834,15.748676,1
834,146,13.702571,1
149,915,8.017728,1
915,143,0.884452,1
142,916,26.669940,1
916,136,30.050781,1
917,918,7.408199,0
528,919,9.713716,0
468,920,3.747787,0
136,920,24.883612,0
920,134,44.628854,0
180,182,2.147209,0
130,770,25.579279,0
374,542,24.182398,0
921,746,31.887949,0
754,922,19.277321,0
85,457,30.947990,0
457,91,0.980228,0
91,692,40.821561,0
805,793,23.266828,0
897,148,22.114395,0
835,151,40.446738,0
464,923,1.823662,0
923,924,76.373247,0
514,84,21.092431,0
27,757,22.594067,0
116,925,36.141340,0
579,587,7.216208,0
743,926,14.257209,0
460,3,1.751210,0
3,281,12.403958,0
166,431,14.637471,0
372,369,32.253222,0
542,153,23.083607,0
21,803,24.278601,0
392,927,43.971667,0
680,928,1.306094,0
805,27,1.174065,0
929,930,12.166220,0
929,931,5.956404,0
170,932,0.929541,0
735,53,8.518954,0
308,316,4.334945,0
317,321,4.619450,0
320,323,5.226430,0
324,330,8.959431,0
329,333,1.737341,0
332,713,13.273424,0
756,933,11.683907,0
933,934,10.533572,0
934,935,31.510946,0
935,936,13.660916,0
936,937,0.157331,0
937,845,3.824688,1
520,847,22.654196,0
847,530,4.197058,0
530,938,17.496870,1
938,939,28.792424,1
940,941,9.043604,0
941,882,5.399496,0
942,943,8.184914,0
943,98,0.644474,0
944,945,0.082069,0
98,945,1.161797,0
684,946,61.381473,0
946,947,0.207755,0
947,948,20.237219,0
949,950,19.088772,0
950,81,3.924853,0
951,952,0.401599,0
952,938,18.705727,0
924,953,15.905517,0
75,433,18.497173,1
433,520,13.612772,1
456,182,2.136238,0
827,954,1.610046,0
954,955,3.104996,0
955,956,31.816884,0
956,843,41.574669,0
843,6,1.854793,0
6,937,0.563759,1
939,957,55.341200,0
879,958,2.340202,1
958,948,10.375755,1
948,949,10.132457,1
949,682,27.788368,1
959,880,15.115383,0
96,960,26.447730,0
918,97,7.437442,0
885,943,16.056982,0
961,99,23.497455,0
751,962,44.422167,0
962,935,13.050004,0
946,963,3.723116,0
937,964,5.578540,0
934,965,1.040348,0
78,966,10.712409,0
713,665,14.814515,0
665,670,4.293961,0
670,672,7.436997,0
672,667,9.028079,0
667,643,2.669174,0
643,676,10.505649,0
676,423,0.998395,0
658,967,21.396826,1
425,658,26.621145,1
656,968,11.433429,0
657,968,5.894168,0
968,969,0.406770,0
970,274,3.810551,0
275,279,3.764684,0
281,276,3.736129,0
280,435,5.816169,0
435,285,6.257751,0
284,971,0.599436,0
971,752,1.366702,0
752,283,1.982375,0
845,62,9.408245,1
62,680,27.511724,0
348,353,3.544820,0
352,972,5.688005,0
972,194,1.097885,0
196,351,6.751608,0
354,973,8.513989,0
187,973,34.543787,0
973,974,34.163106,0
369,974,22.255468,0
56,975,21.908130,0
975,955,42.739259,0
955,976,4.226050,0
976,849,1.260146,0
61,72,50.852121,1
977,977,0.056416,0
977,838,7.281359,0
838,839,3.198313,0
857,154,10.095513,0
155,978,8.513061,0
145,835,3.480439,0
153,541,11.894663,0
979,465,16.925446,0
371,374,4.340284,0
151,11,24.106549,0
11,463,1.497860,0
794,953,78.387559,0
42,738,16.284570,0
876,954,56.967681,0
980,132,24.472886,0
981,552,17.166638,0
133,601,21.300981,0
621,601,20.577371,0
617,982,21.600843,0
14,585,64.526839,0
585,983,3.777625,0
983,577,0.795626,0
150,188,47.517573,0
54,975,29.527147,0
719,984,44.477592,0
985,616,41.552432,0
986,565,30.927987,0
621,929,13.333349,0
99,944,0.691802,0
987,501,35.984087,0
988,989,2.608550,0
989,990,2.586073,0
990,991,6.226905,0
992,549,7.873872,0
550,993,11.893194,0
993,994,0.242022,0
995,996,6.039252,0
996,992,0.626353,0
992,993,14.463046,0
997,996,1.491580,0
998,28,1.231896,0
999,998,0.019352,0
28,29,0.379507,0
562,559,0.200414,0
563,560,0.098999,0
556,1000,0.076631,0
1001,1002,0.053451,0
1003,1004,0.034083,0
1004,1005,0.071984,0
1006,1005,0.044872,0
614,1006,0.078282,0
598,1007,0.037008,0
1008,1009,0.038977,0
1010,554,0.047473,0
1007,599,0.054178,0
1010,555,0.069892,0
1008,553,0.050152,0
553,1009,0.057787,0
1011,592,0.064818,1
1011,1012,0.082913,1
1012,591,0.042972,1
1011,593,0.091446,1
1012,590,0.070031,1
594,1013,0.096997,1
1013,813,0.065156,1
1013,814,0.135738,1
594,404,0.037191,1
404,813,0.065052,1
1014,557,0.072076,0
557,556,0.021310,0
1000,1014,0.032646,0
815,1015,27.909134,0
1015,403,0.059876,0
931,821,22.099361,0
931,122,37.357319,0
123,1016,3.894548,0
1017,1018,53.256173,0
1019,1020,0.091842,0
1019,1021,0.030038,0
1021,573,0.067953,0
1022,1020,0.034684,0
140,979,30.708630,0
870,867,0.326350,0
869,1023,0.040165,0
1024,868,0.045078,0
894,893,0.170448,0
1025,891,15.341423,0
1026,1027,0.064719,0
1027,861,0.101608,0
1027,862,0.066623,0
864,1026,0.052737,0
896,859,0.123580,0
858,895,0.363834,0
1028,771,1.706811,0
1029,785,2.301616,0
1030,571,62.295042,0
570,22,27.598519,0
787,127,22.774626,0
776,1031,9.307375,0
953,750,27.685599,0
160,159,2.218072,0
510,535,12.171250,0
604,606,1.094228,0
450,181,7.450410,0
646,426,45.505342,0
957,685,37.204863,0
950,881,34.409923,0
944,1032,12.833376,0
886,1033,22.904464,0
989,31,2.318060,0
990,1034,7.095233,0
725,399,27.039002,1
1035,729,0.120122,0
1035,177,26.808373,0
286,1036,12.724076,0
1037,475,10.998857,0
1038,1039,9.250174,0
1039,213,1.492251,0
86,1040,15.388012,0
1040,1041,1.228671,0
1042,1043,36.970947,0
515,1043,9.503369,0
622,930,0.868503,0
939,501,0.755856,1
688,1044,56.176898,1
529,1045,3.230027,0
1046,651,8.273619,0
648,883,18.694847,1
388,588,0.417248,0
494,482,0.783424,0
119,116,0.182317,0
769,765,1.495106,0
522,745,42.171974,0
201,706,5.803566,0
707,970,2.768675,0
192,478,4.865128,0
247,442,6.850253,0
4,1047,0.150801,0
1048,1049,0.223532,0
467,1050,0.043845,0
1051,1052,0.284822,0
1053,1054,0.294903,0
780,1055,0.253264,0
1054,624,0.205748,0
1047,4,0.150801,0
1049,104,0.135371,0
1050,467,0.043845,0
1055,780,0.253264,0
1052,532,0.197071,0
1056,1040,0.215462,0
1057,686,0.387207,0
1058,499,0.225556,0
1059,957,0.157464,0
1060,502,0.405464,0
1061,697,0.045290,0
1062,508,0.845481,0
1063,958,0.051120,0
1064,947,0.093556,0
1065,878,0.406402,0
1066,912,0.061043,0
1067,67,0.118255,0
1068,694,0.276626,0
1069,693,0.583502,0
1070,691,0.168800,0
1071,801,0.005685,0
1072,94,0.010367,0
1073,457,0.087922,0
1074,687,0.230852,0
1075,689,0.132427,0
1076,652,0.088125,0
1077,1078,0.052694,0
1079,85,0.206192,0
1080,527,0.259718,0
1081,534,0.286729,0
1082,1083,0.510200,0
1084,800,0.217407,0
1085,649,0.184043,0
1086,941,0.011319,0
1087,1088,0.534715,0
1089,1090,0.007821,0
1091,909,0.155877,0
1092,629,0.456359,0
1093,638,0.351679,0
1094,106,0.081775,0
1095,612,0.346388,0
1096,1097,0.283591,0
1098,626,0.006443,0
1099,945,0.053137,0
1100,100,0.119024,0
1101,639,0.004096,0
1102,477,0.256278,0
1103,884,0.191358,0
1104,1105,0.263535,0
1106,887,0.007268,0
1107,82,0.283048,0
1108,566,0.286067,0
1109,564,0.007680,0
1110,30,0.379323,0
1111,551,1.447014,0
1112,581,0.099936,0
1113,427,0.006354,0
1114,40,0.005371,0
1115,558,0.699200,0
1116,600,0.112691,0
1117,13,0.003161,0
1118,582,0.243547,0
1119,583,0.191553,0
1120,983,0.283662,0
1121,578,0.255671,0
1122,15,0.082515,0
1123,1124,0.170829,0
1125,913,0.115370,0
1126,899,0.091057,0
1127,892,0.145103,0
1128,1129,0.632239,0
1130,121,0.041679,0
1131,1039,0.050273,0
1132,810,0.234069,0
1133,811,0.101914,0
1134,391,0.017242,0
1135,795,0.006058,0
1136,930,0.114467,0
1137,820,0.003163,0
1138,809,0.263867,0
1139,383,0.004404,0
1140,743,0.006980,0
1141,817,0.200106,0
1142,389,0.134833,0
1143,603,0.074291,0
1144,804,0.006425,0
1145,589,0.132951,0
1146,916,0.260585,0
1147,914,0.113144,0
1148,716,0.043924,0
1149,727,0.137330,0
1150,1030,0.034235,0
1151,836,0.021841,0
1152,728,0.249753,0
1153,915,0.125869,0
1154,147,0.159307,0
1155,851,0.077939,0
1156,417,0.140280,0
1157,972,1.330769,0
1158,595,0.268100,0
1159,971,0.724313,0
1160,723,0.057363,0
1161,1162,0.130436,0
1163,702,0.007250,0
1164,119,0.008561,0
1165,925,0.190644,0
1166,791,0.299423,0
1167,812,0.003564,0
1168,126,0.068483,0
1169,788,0.089679,0
1170,792,0.179685,0
1171,1172,0.695527,0
1173,775,0.135642,0
1174,794,0.011507,0
1175,923,0.071397,0
1176,152,0.172924,0
1177,540,0.594632,0
1178,596,1.161993,0
1179,773,0.033553,0
1180,772,0.007167,0
1181,379,0.002592,0
1182,375,0.000712,0
1183,370,0.005349,0
1184,378,0.131427,0
1185,755,0.003167,0
1186,826,0.071593,0
1187,730,0.167081,0
1188,372,0.063052,0
1189,1035,0.117445,0
1190,974,0.010748,0
1191,753,0.002940,0
1192,172,0.112113,0
1193,535,0.005660,0
1194,511,0.076787,0
1195,489,0.119342,0
1196,668,0.004584,0
1197,424,1.096324,0
1198,783,0.003148,0
1199,782,0.031733,0
1200,781,0.125807,0
1201,518,0.676418,0
1202,764,0.036897,0
1203,759,0.011372,0
1204,113,0.079922,0
1205,924,0.003075,0
1206,749,0.187983,0
1207,933,0.214163,0
1208,842,0.381989,0
1209,956,0.215252,0
1210,738,0.217979,0
1211,734,1.268459,0
1212,44,0.624698,0
1213,43,1.659518,0
1214,654,0.019258,0
1215,110,0.497376,0
1216,523,0.198451,0
1217,747,0.414232,0
1218,521,0.141967,0
1219,61,0.013745,0
1220,681,0.016790,0
1221,976,0.115762,0
1222,1223,0.147774,0
1224,737,0.014495,0
1225,51,0.294038,0
1226,1227,0.437589,0
1228,517,0.290409,0
1229,1043,0.015450,0
1230,531,0.020098,0
1231,952,0.280065,0
1232,71,0.181924,0
1233,76,0.909455,0
1234,846,0.006340,0
1235,848,0.615366,0
1236,1237,1.081346,0
1238,1239,0.333053,0
1240,65,0.393543,0
1241,908,0.290715,0
1242,962,0.072480,0
1243,936,0.226076,0
1244,1245,1.380962,0
1246,569,0.004849,0
1247,875,0.408129,0
1248,787,0.006065,0
1,872,0.135619,0
1003,620,0.050162,0
818,120,0.063279,0
906,904,0.011281,0
807,120,0.096422,0
1002,620,0.066986,0
1018,1109,2.999984,0
1078,512,0.019657,0
1083,705,0.020090,0
1088,940,0.013046,0
1090,959,0.006419,0
695,1068,0.532056,0
1097,627,0.012595,0
1105,960,0.240456,0
999,562,2.751215,0
1124,742,0.010564,0
1129,1025,0.310377,0
1161,483,0.262963,0
1172,799,0.015036,0
1223,741,0.010808,0
1227,744,0.012256,0
1237,854,0.010370,0
1239,722,0.088099,0
1245,699,0.012468,0
731,875,0.023361,1
659,684,28.046377,1
457,458,0.608627,1
